name,imageUrl,color,frostResistance,waterAbsorption,size,weightKg,quantityPerPallet,palletsPerTruck,totalPerTruck,retailPriceRubWithVAT,city,categoryId,isOnSale,saleDescription,densityKgPerM3,description,manufacturer,strengthClass,quantityPerPalletKvM,weightOnePalletKg,heightMm,form
"Выбор Паркет" Б.9.Псм.8 Стандарт серый,https://www.vibor-spb.ru/upload/iblock/e69/j43o53btth5mffle9t07jmno0zi7je1m.jpg,Серый,F200,до 6%,360x110 360x160 480x110 480x160,1818,9.94,11,109.34,1800,Санкт-Петербург,3,false,null,null,null,Выбор,null,9.94,1818,80,ПАРКЕТ
"Выбор Паркет" Б.9.Псм.8 Стандарт белый,https://www.vibor-spb.ru/upload/iblock/b41/aoar7t9unxodezhyjgngym1otnobyjql.jpg,Белый,F200,до 6%,360x110 360x160 480x110 480x160,1818,9.94,11,109.34,2000,Санкт-Петербург,3,false,null,null,null,Выбор,null,9.94,1818,80,ПАРКЕТ
"Выбор Паркет" Б.9.Псм.8 Стандарт черный,https://выбор.рф/upload/iblock/7ef/f17kq6d2kticro9emibytre5ywtaqy7e.jpg,Черный,F200,до 6%,360x110 360x160 480x110 480x160,1818,9.94,11,109.34,1950,Санкт-Петербург,3,false,null,null,null,Выбор,null,9.94,1818,80,ПАРКЕТ
"Выбор Паркет" Б.9.Псм.8 Стандарт красный,https://выбор.рф/upload/resize_cache/iblock/ac4/650_380_1/e2t0klc2vufl6q810amco42vbvy7pjx5.jpg,Красный,F200,до 6%,360x110 360x160 480x110 480x160,1818,9.94,11,109.34,1950,Санкт-Петербург,3,false,null,null,null,Выбор,null,9.94,1818,80,ПАРКЕТ
"Выбор Паркет" Б.9.Псм.8 Стандарт коричневый,https://выбор.рф/upload/resize_cache/iblock/7ac/650_380_1/8ji7swri3q20b48zynlhu67hhcop61ko.jpg,Коричневый,F200,до 6%,360x110 360x160 480x110 480x160,1818,9.94,11,109.34,1950,Санкт-Петербург,3,false,null,null,null,Выбор,null,9.94,1818,80,ПАРКЕТ
"Выбор Паркет" Б.9.Псм.8 Гранит серый,https://www.vibor-spb.ru/upload/iblock/d13/myo2k6uc7i9d3cgnsin82jfxy0ha1n1u.jpg,Серый,F200,до 6%,360x110 360x160 480x110 480x160,1818,9.94,11,109.34,3000,Санкт-Петербург,3,false,null,null,null,Выбор,null,9.94,1818,80,ПАРКЕТ
"Выбор Паркет" Б.9.Псм.8 Гранит белый,https://www.vibor-spb.ru/upload/iblock/918/9hneaf1blfyn1n0d8txjjp7hx5xs6r8k.jpg,Белый,F200,до 6%,360x110 360x160 480x110 480x160,1818,9.94,11,109.34,3300,Санкт-Петербург,3,false,null,null,null,Выбор,null,9.94,1818,80,ПАРКЕТ
"Выбор Паркет" Б.9.Псм.8 Гранит черный,https://www.vibor-spb.ru/upload/iblock/cb9/cb91459506e8b8e09f230724ba8d95a9.jpg,Черный,F200,до 6%,360x110 360x160 480x110 480x160,1818,9.94,11,109.34,3250,Санкт-Петербург,3,false,null,null,null,Выбор,null,9.94,1818,80,ПАРКЕТ
"Выбор Паркет" Б.9.Псм.8 Гранит красный,https://www.vibor-spb.ru/upload/iblock/029/0294694d498c72048ecb31c6bbee92ca.png,Красный,F200,до 6%,360x110 360x160 480x110 480x160,1818,9.94,11,109.34,3250,Санкт-Петербург,3,false,null,null,null,Выбор,null,9.94,1818,80,ПАРКЕТ
"Выбор Паркет" Б.9.Псм.8 Гранит коричневый,https://выбор.рф/upload/resize_cache/iblock/06d/650_380_1/tw133cwhhgl0xrde2labu54sl3wmuaqp.jpg,Коричневый,F200,до 6%,360x110 360x160 480x110 480x160,1818,9.94,11,109.34,3250,Санкт-Петербург,3,false,null,null,null,Выбор,null,9.94,1818,80,ПАРКЕТ
"Выбор Паркет" Б.9.Псм.8 Листопад гладкий песчаник,https://www.vibor-spb.ru/upload/iblock/a93/a93b9342d171197ab3f9cad96cfaa1cc.jpg,Песчаник,F200,до 6%,360x110 360x160 480x110 480x160,1818,9.94,11,109.34,3200,Санкт-Петербург,3,false,null,null,null,Выбор,null,9.94,1818,80,ПАРКЕТ
"Выбор Паркет" Б.9.Псм.8 Листопад гладкий янтарь,https://www.vibor-spb.ru/upload/iblock/dce/dce272fe802c63aeed5e4dc44a02606a.png,Янтарь,F200,до 6%,360x110 360x160 480x110 480x160,1818,9.94,11,109.34,3200,Санкт-Петербург,3,false,null,null,null,Выбор,null,9.94,1818,80,ПАРКЕТ
"Выбор Паркет" Б.9.Псм.8 Листопад гладкий хаски,https://www.vibor-spb.ru/upload/iblock/a89/a89a484314e543d481e3fd8b4f91ec00.jpg,Хаски,F200,до 6%,360x110 360x160 480x110 480x160,1818,9.94,11,109.34,3200,Санкт-Петербург,3,false,null,null,null,Выбор,null,9.94,1818,80,ПАРКЕТ
"Выбор Паркет" Б.9.Псм.8 Листопад гладкий антрацит,https://www.vibor-spb.ru/upload/iblock/360/qp630uhapl8b09dgxzqfhoq1lt25dkov.jpg,Антрацит,F200,до 6%,360x110 360x160 480x110 480x160,1818,9.94,11,109.34,3200,Санкт-Петербург,3,false,null,null,null,Выбор,null,9.94,1818,80,ПАРКЕТ
"Выбор Паркет" Б.9.Псм.8 Листопад гладкий клинкер,https://spb.slavdom.ru/upload/iblock/e3c/xn62pu7500hx7bbulaf8zidbf5q4m4sg/6e22e06c_6f6b_11eb_811a_a0369f3946a6_d303be62_7c6b_11ed_ad5d_00155dc8960d..jpg,Клинкер,F200,до 6%,360x110 360x160 480x110 480x160,1818,9.94,11,109.34,1800,Санкт-Петербург,3,false,null,null,null,Выбор,null,9.94,1818,80,ПАРКЕТ
"Выбор Паркет" Б.9.Псм.8 Листопад гранит хаски,https://выбор.рф/upload/resize_cache/iblock/764/650_380_1/4lz0cz3s41jja5ds1j74uizc4hzhzi0x.jpg,Хаски,F200,до 6%,360x110 360x160 480x110 480x160,1818,9.94,11,109.34,3900,Санкт-Петербург,3,false,null,null,null,Выбор,null,9.94,1818,80,ПАРКЕТ
"Выбор Паркет" Б.9.Псм.8 Листопад гранит антрацит,https://www.vibor-spb.ru/upload/iblock/414/41434818e9d5fd234277da2f527117da.jpg,Антрацит,F200,до 6%,360x110 360x160 480x110 480x160,1818,9.94,11,109.34,3900,Санкт-Петербург,3,false,null,null,null,Выбор,null,9.94,1818,80,ПАРКЕТ
"Выбор Паркет" Б.9.Псм.8 Листопад гранит старый замок,https://выбор.рф/upload/iblock/869/twkkfwah40iuyyztgd38xlp5b0x4b1nf.jpg,Старый замок,F200,до 6%,360x110 360x160 480x110 480x160,1818,9.94,11,109.34,3900,Санкт-Петербург,3,false,null,null,null,Выбор,null,9.94,1818,80,ПАРКЕТ
"Выбор Паркет" Б.9.Псм.8 Стоунмикс белый с черным,https://www.vibor-spb.ru/upload/iblock/891/89155ab1522a6b086ddde8bb74072d7e.jpg,Белый с черным,F200,до 6%,360x110 360x160 480x110 480x160,1818,9.94,11,109.34,4700,Санкт-Петербург,3,false,null,null,null,Выбор,null,9.94,1818,80,ПАРКЕТ
"Выбор Паркет" Б.9.Псм.8 Стоунмикс белый,https://www.vibor-spb.ru/upload/iblock/f46/pb30ambq9dlhxhqd2woajhq276lgphin.jpg,Белый,F200,до 6%,360x110 360x160 480x110 480x160,1818,9.94,11,109.34,4700,Санкт-Петербург,3,false,null,null,null,Выбор,null,9.94,1818,80,ПАРКЕТ
"Выбор Паркет" Б.9.Псм.8 Стоунмикс черный,https://www.vibor-spb.ru/upload/iblock/2b7/zsgcur1e8u6v2k6iglg258mklk8gq506.jpg,Черный,F200,до 6%,360x110 360x160 480x110 480x160,1818,9.94,11,109.34,4700,Санкт-Петербург,3,false,null,null,null,Выбор,null,9.94,1818,80,ПАРКЕТ

"Выбор Антара" Б.1.АН.6 Искусственный камень шунгит,https://www.vibor-spb.ru/upload/iblock/0e2/0e22d58171529b95917f116c7fbfca06.jpg,Камень шунгит,F200,до 6%,500x300 450x300 400x300 300x300 250x300 200x300,1942,14.3,10,143,3500,Санкт-Петербург,3,false,null,null,null,Выбор,null,14.3,1942,60,АНТАРА
"Выбор Антара" Б.1.АН.6 Искусственный камень доломит,https://www.vibor-spb.ru/upload/iblock/56d/56dde22e0e53da5f79f3909b4659f5da.jpg,Камень доломит,F200,до 6%,500x300 450x300 400x300 300x300 250x300 200x300,1942,14.3,10,143,3500,Санкт-Петербург,3,false,null,null,null,Выбор,null,14.3,1942,60,АНТАРА
"Выбор Антара" Б.1.АН.6 Искусственный камень степняк,https://www.vibor-spb.ru/upload/iblock/e71/e712f883dda2224a1cf6fdd0cd50a1c4.jpg,Камень степняк,F200,до 6%,500x300 450x300 400x300 300x300 250x300 200x300,1942,14.3,10,143,3500,Санкт-Петербург,3,false,null,null,null,Выбор,null,14.3,1942,60,АНТАРА
"Выбор Антара" Б.1.АН.6 Искусственный камень базальт,https://www.vibor-spb.ru/upload/iblock/187/187c6928fe03178fb322f6dca4958846.jpg,Камень базальт,F200,до 6%,500x300 450x300 400x300 300x300 250x300 200x300,1942,14.3,10,143,3500,Санкт-Петербург,3,false,null,null,null,Выбор,null,14.3,1942,60,АНТАРА

"Выбор Антик" Б.3.А.6 Гранит черный,https://выбор.рф/upload/iblock/8dd/2bbydgg4qbts40a7fid3sdu9hs04nihc.jpg,Черный,F200,до 6%,113x93x91 103x83x91 93x73x91 83x63x91 73x53x91,1561,11.28,12,135.36,3000,Санкт-Петербург,3,false,null,null,null,Выбор,null,11.28,1561,60,АНТИК
"Выбор Антик" Б.3.А.6 Гранит красный,https://выбор.рф/upload/iblock/8f2/521rw20o9n03820qgq3fp86sxx9ywyrn.jpg,Красный,F200,до 6%,113x93x91 103x83x91 93x73x91 83x63x91 73x53x91,1561,11.28,12,135.36,3000,Санкт-Петербург,3,false,null,null,null,Выбор,null,11.28,1561,60,АНТИК
"Выбор Антик" Б.3.А.6 Гранит коричневый,https://выбор.рф/upload/iblock/39d/s52tws1oaaq5a6dkv6edn5l1rixo73ee.jpg,Коричневый,F200,до 6%,113x93x91 103x83x91 93x73x91 83x63x91 73x53x91,1561,11.28,12,135.36,3000,Санкт-Петербург,3,false,null,null,null,Выбор,null,11.28,1561,60,АНТИК
"Выбор Антик" Б.3.А.6 Листопад гладкий антрацит,https://www.vibor-spb.ru/upload/iblock/169/1699e6442657ce6e6ce68c369e997966.JPEG,Антрацит,F200,до 6%,113x93x91 103x83x91 93x73x91 83x63x91 73x53x91,1561,11.28,12,135.36,2850,Санкт-Петербург,3,false,null,null,null,Выбор,null,11.28,1561,60,АНТИК
"Выбор Антик" Б.3.А.6 Листопад гладкий осень,https://www.vibor-spb.ru/upload/iblock/8e6/8e67b4f29482ef570af4a8e4492b5d0b.jpg,Осень,F200,до 6%,113x93x91 103x83x91 93x73x91 83x63x91 73x53x91,1561,11.28,12,135.36,2850,Санкт-Петербург,3,false,null,null,null,Выбор,null,11.28,1561,60,АНТИК
"Выбор Антик" Б.3.А.6 Листопад гладкий янтарь,https://www.vibor-spb.ru/upload/iblock/7b8/egyht26gomkups55zy3q6psqrdajmx6l.jpg,Янтарь,F200,до 6%,113x93x91 103x83x91 93x73x91 83x63x91 73x53x91,1561,11.28,12,135.36,2850,Санкт-Петербург,3,false,null,null,null,Выбор,null,11.28,1561,60,АНТИК
"Выбор Антик" Б.3.А.6 Листопад гладкий хаски,https://выбор.рф/upload/resize_cache/iblock/17b/650_380_1/omib5d7ufw5gb74t8ncxa6rbr0bb3o13.jpg,Хаски,F200,до 6%,113x93x91 103x83x91 93x73x91 83x63x91 73x53x91,1561,11.28,12,135.36,2850,Санкт-Петербург,3,false,null,null,null,Выбор,null,11.28,1561,60,АНТИК
"Выбор Антик" Б.3.А.6 Листопад гладкий старый замок,https://выбор.рф/upload/iblock/b5e/w3xznm6yuhn04wjfss9oopn0yy794982.jpg,Старый замок,F200,до 6%,113x93x91 103x83x91 93x73x91 83x63x91 73x53x91,1561,11.28,12,135.36,2850,Санкт-Петербург,3,false,null,null,null,Выбор,null,11.28,1561,60,АНТИК
"Выбор Антик" Б.3.А.6 Листопад гранит антрацит,https://выбор.рф/upload/resize_cache/iblock/56b/650_380_1/jvr4xoh5jc7scxcds1axofh4cohwgypn.jpg,Антрацит,F200,до 6%,113x93x91 103x83x91 93x73x91 83x63x91 73x53x91,1561,11.28,12,135.36,3300,Санкт-Петербург,3,false,null,null,null,Выбор,null,11.28,1561,60,АНТИК
"Выбор Антик" Б.3.А.6 Листопад гранит осень,https://выбор.рф/upload/resize_cache/iblock/055/650_380_1/zsg9fm0nlceu1ynpi72bogq1js60hasr.jpg,Осень,F200,до 6%,113x93x91 103x83x91 93x73x91 83x63x91 73x53x91,1561,11.28,12,135.36,3300,Санкт-Петербург,3,false,null,null,null,Выбор,null,11.28,1561,60,АНТИК
"Выбор Антик" Б.3.А.6 Листопад гранит старый замок,https://выбор.рф/upload/resize_cache/iblock/ae4/650_380_1/y906xumi0xh5z15dn4kbxp6y7m6np2qr.jpg,Старый замок,F200,до 6%,113x93x91 103x83x91 93x73x91 83x63x91 73x53x91,1561,11.28,12,135.36,3300,Санкт-Петербург,3,false,null,null,null,Выбор,null,11.28,1561,60,АНТИК
"Выбор Антик" Б.3.А.6 Листопад гранит хаски,https://выбор.рф/upload/resize_cache/iblock/f5b/650_380_1/tmtzxs85csz915jry83qk9bq3gx69yoo.jpg,Хаски,F200,до 6%,113x93x91 103x83x91 93x73x91 83x63x91 73x53x91,1561,11.28,12,135.36,3300,Санкт-Петербург,3,false,null,null,null,Выбор,null,11.28,1561,60,АНТИК
"Выбор Антик" Б.3.А.6 Искусственный камень базальт,https://выбор.рф/upload/resize_cache/iblock/391/650_380_1/ahujro511q6vb7f7hh98rqftcoc3xvjs.jpg,Камень базальт,F200,до 6%,113x93x91 103x83x91 93x73x91 83x63x91 73x53x91,1561,11.28,12,135.36,3500,Санкт-Петербург,3,false,null,null,null,Выбор,null,11.28,1561,60,АНТИК
"Выбор Антик" Б.3.А.6 Искусственный камень шунгит,https://выбор.рф/upload/resize_cache/iblock/0ef/650_380_1/2z9m8agn6jfncyhvhn9hhw0vgn2zr6c9.jpg,Камень шунгит,F200,до 6%,113x93x91 103x83x91 93x73x91 83x63x91 73x53x91,1561,11.28,12,135.36,3500,Санкт-Петербург,3,false,null,null,null,Выбор,null,11.28,1561,60,АНТИК
"Выбор Антик" Б.3.А.6 Искусственный камень доломит,https://выбор.рф/upload/resize_cache/iblock/39c/650_380_1/mignx89l2lbc8kucss94tr0rlhn0f0dd.jpg,Камень доломит,F200,до 6%,113x93x91 103x83x91 93x73x91 83x63x91 73x53x91,1561,11.28,12,135.36,3500,Санкт-Петербург,3,false,null,null,null,Выбор,null,11.28,1561,60,АНТИК
"Выбор Антик" Б.3.А.6 Искусственный камень степняк,https://выбор.рф/upload/resize_cache/iblock/23c/650_380_1/vsjvy1r25s6viyiiqpdg0l000qjcju96.jpg,Камень степняк,F200,до 6%,113x93x91 103x83x91 93x73x91 83x63x91 73x53x91,1561,11.28,12,135.36,3500,Санкт-Петербург,3,false,null,null,null,Выбор,null,11.28,1561,60,АНТИК
"Выбор Антик" Б.3.А.6 Стоунмикс белый с черным,https://www.vibor-spb.ru/upload/iblock/e80/lb96je4yk2zddlm89y6jwc304kxe5gy4.jpg,Белый с черным,F200,до 6%,113x93x91 103x83x91 93x73x91 83x63x91 73x53x91,1561,11.28,12,135.36,3700,Санкт-Петербург,3,false,null,null,null,Выбор,null,11.28,1561,60,АНТИК
"Выбор Антик" Б.3.А.6 Стоунмикс белый ,https://www.vibor-spb.ru/upload/iblock/739/q9ustmxcu06z9uc1e5dgsa3k0vjkqg89.jpg,Белый,F200,до 6%,113x93x91 103x83x91 93x73x91 83x63x91 73x53x91,1561,11.28,12,135.36,3700,Санкт-Петербург,3,false,null,null,null,Выбор,null,11.28,1561,60,АНТИК
"Выбор Антик" Б.3.А.6 Стоунмикс черный,https://www.vibor-spb.ru/upload/iblock/96f/96f34ffcc8ecefc401358c8907281fdf.JPEG,Черный,F200,до 6%,113x93x91 103x83x91 93x73x91 83x63x91 73x53x91,1561,11.28,12,135.36,3700,Санкт-Петербург,3,false,null,null,null,Выбор,null,11.28,1561,60,АНТИК

"Выбор Оригами" Б.4.Фсм.8. Стандарт черный,https://www.vibor-spb.ru/upload/iblock/bc0/bc08bed2fe7337226a19d4bb224d2ba0.jpg,Антрацит,F200,до 6%,559x361x280x408 591x79x558x152x280 280x420x243x280 206x55x349x420 72x560x457x496 457x560x280x496,1530,8.15,13,105.95,2100,Санкт-Петербург,3,false,null,null,null,Выбор,null,8.15,1530,80,ОРИГАМИ
"Выбор Оригами" Б.4.Фсм.8. Стандарт красный,https://выбор.рф/upload/iblock/fad/zuj2bc2joqkjlms5sexid42b92e3dit6.jpg,Осень,F200,до 6%,559x361x280x408 591x79x558x152x280 280x420x243x280 206x55x349x420 72x560x457x496 457x560x280x496,1530,8.15,13,105.95,2100,Санкт-Петербург,3,false,null,null,null,Выбор,null,8.15,1530,80,ОРИГАМИ
"Выбор Оригами" Б.4.Фсм.8. Стандарт коричневый,https://выбор.рф/upload/resize_cache/iblock/143/650_380_1/jpbj3ak7wycce18rezfhb0gmds4fkzn0.jpg,Старый замок,F200,до 6%,559x361x280x408 591x79x558x152x280 280x420x243x280 206x55x349x420 72x560x457x496 457x560x280x496,1530,8.15,13,105.95,2100,Санкт-Петербург,3,false,null,null,null,Выбор,null,8.15,1530,80,ОРИГАМИ
"Выбор Оригами" Б.4.Фсм.8. Стоунмикс белый с черным,https://выбор.рф/upload/resize_cache/iblock/f72/650_380_1/q5wi75mob30te82y9yocw4vhttxdvy56.jpg,Белый с черным,F200,до 6%,559x361x280x408 591x79x558x152x280 280x420x243x280 206x55x349x420 72x560x457x496 457x560x280x496,1530,8.15,13,105.95,4900,Санкт-Петербург,3,false,null,null,null,Выбор,null,8.15,1530,80,ОРИГАМИ
"Выбор Оригами" Б.4.Фсм.8. Стоунмикс белый,https://выбор.рф/upload/resize_cache/iblock/b06/650_380_1/79m9nitijei4lk98e7eepy12d20ybgfj.jpg,Белый,F200,до 6%,559x361x280x408 591x79x558x152x280 280x420x243x280 206x55x349x420 72x560x457x496 457x560x280x496,1530,8.15,13,105.95,4900,Санкт-Петербург,3,false,null,null,null,Выбор,null,8.15,1530,80,ОРИГАМИ
"Выбор Оригами" Б.4.Фсм.8. Стоунмикс черный,https://выбор.рф/upload/resize_cache/iblock/9dd/650_380_1/xec5csf1slqrpfag1fquc04x2ecakj2v.jpg,Черный,F200,до 6%,559x361x280x408 591x79x558x152x280 280x420x243x280 206x55x349x420 72x560x457x496 457x560x280x496,1530,8.15,13,105.95,4900,Санкт-Петербург,3,false,null,null,null,Выбор,null,8.15,1530,80,ОРИГАМИ

"Выбор Паркет" Б.4.П.6 Стандарт серый,https://выбор.рф/upload/resize_cache/iblock/e59/650_380_1/85fwepne08lt0b06xyhi6aks8qjxhdrh.jpg,Серый,F200,до 6%,180x60,1580.4,11.64,12,139.68,1500,Санкт-Петербург,3,false,null,null,null,Выбор,null,11.64,1580.4,60,ПАРКЕТ
"Выбор Паркет" Б.4.П.6 Стандарт белый,https://выбор.рф/upload/resize_cache/iblock/172/650_380_1/typ0rm8z3w590n926ym1vf7ww6ylk2b1.jpg,Белый,F200,до 6%,180x60,1580.4,11.64,12,139.68,1950,Санкт-Петербург,3,false,null,null,null,Выбор,null,11.64,1580.4,60,ПАРКЕТ
"Выбор Паркет" Б.4.П.6 Стандарт черный,https://выбор.рф/upload/resize_cache/iblock/3ac/650_380_1/ee6el65xd2qtucml49nd43o080l0mucu.jpg,Черный,F200,до 6%,180x60,1580.4,11.64,12,139.68,1900,Санкт-Петербург,3,false,null,null,null,Выбор,null,11.64,1580.4,60,ПАРКЕТ
"Выбор Паркет" Б.4.П.6 Стандарт красный,https://выбор.рф/upload/resize_cache/iblock/61b/650_380_1/smeqxswawsv3i7cu3mfclust3xej73i7.jpg,Красный,F200,до 6%,180x60,1580.4,11.64,12,139.68,1900,Санкт-Петербург,3,false,null,null,null,Выбор,null,11.64,1580.4,60,ПАРКЕТ
"Выбор Паркет" Б.4.П.6 Гранит коричневый,https://выбор.рф/upload/resize_cache/iblock/ad6/650_380_1/psd0mpa0dcxq9e8imi7f8exggpk4oohf.jpg,Коричневый,F200,до 6%,180x60,1580.4,11.64,12,139.68,2700,Санкт-Петербург,3,false,null,null,null,Выбор,null,11.64,1580.4,60,ПАРКЕТ
"Выбор Паркет" Б.4.П.6 Гранит серый,https://www.vibor-spb.ru/upload/iblock/411/hmbofjlaodg5tyybu2l4e2b2uwgzsw8f.jpg,Серый,F200,до 6%,180x60,1580.4,11.64,12,139.68,2500,Санкт-Петербург,3,false,null,null,null,Выбор,null,11.64,1580.4,60,ПАРКЕТ
"Выбор Паркет" Б.4.П.6 Гранит белый,https://www.vibor-spb.ru/upload/iblock/7fe/7znjnglja1evmwzo030ivthwu2ja7fwt.jpg,Белый,F200,до 6%,180x60,1580.4,11.64,12,139.68,2750,Санкт-Петербург,3,false,null,null,null,Выбор,null,11.64,1580.4,60,ПАРКЕТ
"Выбор Паркет" Б.4.П.6 Гранит черный,https://www.vibor-spb.ru/upload/iblock/81f/u5ml3694fmoqjy1xzil7xv5zclaoufoy.jpg,Черный,F200,до 6%,180x60,1580.4,11.64,12,139.68,2700,Санкт-Петербург,3,false,null,null,null,Выбор,null,11.64,1580.4,60,ПАРКЕТ
"Выбор Паркет" Б.4.П.6 Гранит красный,https://выбор.рф/upload/resize_cache/iblock/83d/650_380_1/ws223nrkpame7sq92f9jfzi1ezbmn5bt.jpg,Красный,F200,до 6%,180x60,1580.4,11.64,12,139.68,2700,Санкт-Петербург,3,false,null,null,null,Выбор,null,11.64,1580.4,60,ПАРКЕТ
"Выбор Паркет" Б.4.П.6 Гранит коричневый,https://выбор.рф/upload/resize_cache/iblock/9b5/650_380_1/jcl830quu680ybipo5bnkd6r86u299x7.jpg,Коричневый,F200,до 6%,180x60,1580.4,11.64,12,139.68,2700,Санкт-Петербург,3,false,null,null,null,Выбор,null,11.64,1580.4,60,ПАРКЕТ
"Выбор Паркет" Б.4.П.6 Листопад гладкий антрацит,https://www.vibor-spb.ru/upload/iblock/410/410e735d4943cc94e15339a19db09c6d.jpg,Антрацит,F200,до 6%,180x60,1580.4,11.64,12,139.68,2850,Санкт-Петербург,3,false,null,null,null,Выбор,null,11.64,1580.4,60,ПАРКЕТ
"Выбор Паркет" Б.4.П.6 Листопад гладкий янтарь,https://www.vibor-spb.ru/upload/iblock/c4e/c4ec10edaa40f5b2a7b74d67c0642f9e.jpg,Янтарь,F200,до 6%,180x60,1580.4,11.64,12,139.68,2850,Санкт-Петербург,3,false,null,null,null,Выбор,null,11.64,1580.4,60,ПАРКЕТ
"Выбор Паркет" Б.4.П.6 Листопад гладкий старый замок,https://www.vibor-spb.ru/upload/iblock/4ae/4aef02ec6563100d4ea85224014efaf8.jpg,Старый замок,F200,до 6%,180x60,1580.4,11.64,12,139.68,2850,Санкт-Петербург,3,false,null,null,null,Выбор,null,11.64,1580.4,60,ПАРКЕТ
"Выбор Паркет" Б.4.П.6 Листопад гладкий осень,https://www.vibor-spb.ru/upload/iblock/48c/48cae7aec030656457f1df693e7cad98.jpg,Осень,F200,до 6%,180x60,1580.4,11.64,12,139.68,2850,Санкт-Петербург,3,false,null,null,null,Выбор,null,11.64,1580.4,60,ПАРКЕТ
"Выбор Паркет" Б.4.П.6 Листопад гладкий хаски,https://www.vibor-spb.ru/upload/iblock/815/815a0d89e935b5013079e6ca890d6c8c.jpg,Хаски,F200,до 6%,180x60,1580.4,11.64,12,139.68,2850,Санкт-Петербург,3,false,null,null,null,Выбор,null,11.64,1580.4,60,ПАРКЕТ
"Выбор Паркет" Б.4.П.6 Листопад гранит старый замок,https://www.vibor-spb.ru/upload/iblock/49f/49f253e140a3dd58fbe37592b7bfd2b4.jpg,Старый замок,F200,до 6%,180x60,1580.4,11.64,12,139.68,3300,Санкт-Петербург,3,false,null,null,null,Выбор,null,11.64,1580.4,60,ПАРКЕТ
"Выбор Паркет" Б.4.П.6 Листопад гранит антрацит,https://выбор.рф/upload/resize_cache/iblock/992/650_380_1/43l0tiuz1osdukx2rwwfct9fach2htwh.jpg,Антрацит,F200,до 6%,180x60,1580.4,11.64,12,139.68,3300,Санкт-Петербург,3,false,null,null,null,Выбор,null,11.64,1580.4,60,ПАРКЕТ
"Выбор Паркет" Б.4.П.6 Листопад гранит осень,https://выбор.рф/upload/resize_cache/iblock/991/650_380_1/et1hbq2ftblh4n347vxlt2imf39gpmb7.jpg,Осень,F200,до 6%,180x60,1580.4,11.64,12,139.68,3300,Санкт-Петербург,3,false,null,null,null,Выбор,null,11.64,1580.4,60,ПАРКЕТ
"Выбор Паркет" Б.4.П.6 Листопад гранит хаски,https://выбор.рф/upload/iblock/520/xjnp4dejghcbfhh5jwua0plvqonk40bv.jpg,Хаски,F200,до 6%,180x60,1580.4,11.64,12,139.68,3300,Санкт-Петербург,3,false,null,null,null,Выбор,null,11.64,1580.4,60,ПАРКЕТ
"Выбор Паркет" Б.4.П.6 Искусственный камень доломит,https://выбор.рф/upload/resize_cache/iblock/867/650_380_1/hipdxlz5qyd0ix5ghtbz2kbm2y28u1fw.jpg,Доломит,F200,до 6%,180x60,1580.4,11.64,12,139.68,3500,Санкт-Петербург,3,false,null,null,null,Выбор,null,11.64,1580.4,60,ПАРКЕТ
"Выбор Паркет" Б.4.П.6 Искусственный камень шунгит,https://выбор.рф/upload/resize_cache/iblock/e46/650_380_1/31eboe0okxrkivx4j8fyavebf5w8mq2f.jpg,Шунгит,F200,до 6%,180x60,1580.4,11.64,12,139.68,3500,Санкт-Петербург,3,false,null,null,null,Выбор,null,11.64,1580.4,60,ПАРКЕТ
"Выбор Паркет" Б.4.П.6 Искусственный камень базальт,https://выбор.рф/upload/resize_cache/iblock/c51/650_380_1/gbap5zt5p6lrjuop74rnktr042zn83b3.jpg,Базальт,F200,до 6%,180x60,1580.4,11.64,12,139.68,3500,Санкт-Петербург,3,false,null,null,null,Выбор,null,11.64,1580.4,60,ПАРКЕТ
"Выбор Паркет" Б.4.П.6 Искусственный камень степняк,https://выбор.рф/upload/resize_cache/iblock/d6e/650_380_1/bz8ahh29tcwt01nersj25l16hf9wdrko.jpg,Степняк,F200,до 6%,180x60,1580.4,11.64,12,139.68,3500,Санкт-Петербург,3,false,null,null,null,Выбор,null,11.64,1580.4,60,ПАРКЕТ
"Выбор Паркет" Б.4.П.6 Стоунмикс белый с черным,https://выбор.рф/upload/resize_cache/iblock/cb4/650_380_1/p8d5ekzjjll2yihd82zp03xml82xf0il.jpg,Белый с черным,F200,до 6%,180x60,1580.4,11.64,12,139.68,3700,Санкт-Петербург,3,false,null,null,null,Выбор,null,11.64,1580.4,60,ПАРКЕТ
"Выбор Паркет" Б.4.П.6 Стоунмикс белый,https://выбор.рф/upload/resize_cache/iblock/14b/650_380_1/h3w55y0bruwcc4y73e2zbn41yalrykxb.jpg,Белый,F200,до 6%,180x60,1580.4,11.64,12,139.68,3700,Санкт-Петербург,3,false,null,null,null,Выбор,null,11.64,1580.4,60,ПАРКЕТ
"Выбор Паркет" Б.4.П.6 Стоунмикс черный,https://выбор.рф/upload/resize_cache/iblock/9ca/650_380_1/jy5j2d1wadtmjv57inb9laj2c8uxy41t.jpg,Черный,F200,до 6%,180x60,1580.4,11.64,12,139.68,3700,Санкт-Петербург,3,false,null,null,null,Выбор,null,11.64,1580.4,60,ПАРКЕТ

"Выбор Классико" Б.1.КО.6 В Стандарт Серый,https://www.vibor-spb.ru/upload/iblock/dea/dea949a2e686cb157935a6bff778d02d.jpg,Серый,F200,до 6%,116x173 116x116 116x58,1787,13.20,11,145.20,1500,Санкт-Петербург,3,false,null,null,null,Выбор,null,11.64,1787,60,КЛАССИКО
"Выбор Классико" Б.1.КО.6 В Стандарт Красный,https://www.vibor-spb.ru/upload/iblock/81b/81bf394c9421d96e7f6b99bf8da50f3e.jpg,Красный,F200,до 6%,116x173 116x116 116x58,1787,13.20,11,145.20,1900,Санкт-Петербург,3,false,null,null,null,Выбор,null,11.64,1787,60,КЛАССИКО
"Выбор Классико" Б.1.КО.6 В Стандарт Коричневый,https://www.vibor-spb.ru/upload/iblock/01c/01ced910c1b49f02113128beb09073ab.jpg,Коричневый,F200,до 6%,116x173 116x116 116x58,1787,13.20,11,145.20,1900,Санкт-Петербург,3,false,null,null,null,Выбор,null,11.64,1787,60,КЛАССИКО
"Выбор Классико" Б.1.КО.6 В Стандарт Черный,https://www.vibor-spb.ru/upload/iblock/4fc/4fc72d51295d8b6cbc60d055ac90353a.jpg,Черный,F200,до 6%,116x173 116x116 116x58,1787,13.20,11,145.20,1900,Санкт-Петербург,3,false,null,null,null,Выбор,null,11.64,1787,60,КЛАССИКО
"Выбор Классико" Б.1.КО.6 В Листопад гладкий Туман,https://www.vibor-spb.ru/upload/iblock/456/kf1342t0t12il6e4ef7zd4f71elhe9jk.png,Туман,F200,до 6%,116x173 116x116 116x58,1787,13.20,11,145.20,0,Санкт-Петербург,3,false,null,null,null,Выбор,null,11.64,1787,60,КЛАССИКО
"Выбор Классико" Б.1.КО.6 В Листопад гладкий Тайга,https://www.vibor-spb.ru/upload/iblock/a43/d7cxytlsi6y34hjev8oy03nfuwf6xnj8.png,Тайга,F200,до 6%,116x173 116x116 116x58,1787,13.20,11,145.20,0,Санкт-Петербург,3,false,null,null,null,Выбор,null,11.64,1787,60,КЛАССИКО
"Выбор Классико" Б.1.КО.6 В Листопад гладкий Закат,https://www.vibor-spb.ru/upload/iblock/038/xyorv3qvke08q8uy26vctbjdj6g2oa7u.png,Закат,F200,до 6%,116x173 116x116 116x58,1787,13.20,11,145.20,0,Санкт-Петербург,3,false,null,null,null,Выбор,null,11.64,1787,60,КЛАССИКО
"Выбор Классико" Б.1.КО.6 В Листопад гладкий Вулкан,https://www.vibor-spb.ru/upload/iblock/914/8evqjpofaad54692ecetetyfe5943c9b.png,Вулкан,F200,до 6%,116x173 116x116 116x58,1787,13.20,11,145.20,0,Санкт-Петербург,3,false,null,null,null,Выбор,null,11.64,1787,60,КЛАССИКО
"Выбор Классико" Б.1.КО.6 В Листопад гранит Туман,https://www.vibor-spb.ru/upload/iblock/7e9/rpdrn2xh5lowo4bfnoj3b6hf3ng09ba6.png,Туман,F200,до 6%,116x173 116x116 116x58,1787,13.20,11,145.20,0,Санкт-Петербург,3,false,null,null,null,Выбор,null,11.64,1787,60,КЛАССИКО
"Выбор Классико" Б.1.КО.6 В Листопад гранит Тайга,https://www.vibor-spb.ru/upload/iblock/5f2/kacg2o5hiynmnor60wniv3b965hnrf1y.png,Тайга,F200,до 6%,116x173 116x116 116x58,1787,13.20,11,145.20,0,Санкт-Петербург,3,false,null,null,null,Выбор,null,11.64,1787,60,КЛАССИКО

"Выбор Классико Б.3.КО.8 В Стандарт серый","https://www.vibor-spb.ru/upload/iblock/531/xw1zzbga7ukoykjvzh3g3w9p4gw5219y.jpg","Серый","F200","до 6%","115x115",1519,8.60,13,111.80,1600,"Санкт-Петербург",3,false,null,null,null,Выбор,null,11.64,1519,80,КЛАССИКО
"Выбор Классико Б.3.КО.6 В Стандарт серый","https://www.vibor-spb.ru/upload/iblock/531/xw1zzbga7ukoykjvzh3g3w9p4gw5219y.jpg","Серый","F200","до 6%","115x115",1415,10.76,14,150.64,1300,"Санкт-Петербург",3,false,null,null,null,Выбор,null,11.64,1415,60,КЛАССИКО
"Выбор Классико Б.3.КО.8 В Колормикс гладкий Вулкан","https://www.vibor-spb.ru/upload/iblock/459/jd9tj3ladwuub70shkq39d96sptfg083.png","Вулкан","F200","до 6%","115x115",1519,8.60,13,111.80,2350,"Санкт-Петербург",3,false,null,null,null,Выбор,null,11.64,1519,80,КЛАССИКО
"Выбор Классико Б.3.КО.6 В Колормикс гладкий Вулкан","https://www.vibor-spb.ru/upload/iblock/459/jd9tj3ladwuub70shkq39d96sptfg083.png","Вулкан","F200","до 6%","115x115",1415,10.76,14,150.64,2350,"Санкт-Петербург",3,false,null,null,null,Выбор,null,11.64,1415,60,КЛАССИКО
"Выбор Классико Б.3.КО.8 В Колормикс гладкий Закат","https://www.vibor-spb.ru/upload/iblock/710/0zg74ka71bwvbt5fsh2skik32gj6o7xc.png","Закат","F200","до 6%","115x115",1519,8.60,13,111.80,2350,"Санкт-Петербург",3,false,null,null,null,Выбор,null,11.64,1519,80,КЛАССИКО
"Выбор Классико Б.3.КО.6 В Колормикс гладкий Закат","https://www.vibor-spb.ru/upload/iblock/710/0zg74ka71bwvbt5fsh2skik32gj6o7xc.png","Закат","F200","до 6%","115x115",1415,10.76,14,150.64,2350,"Санкт-Петербург",3,false,null,null,null,Выбор,null,11.64,1415,60,КЛАССИКО
"Выбор Классико Б.3.КО.8 В Колормикс гладкий Тайга","https://www.vibor-spb.ru/upload/iblock/98a/vnuyb640ybtwjy9qsrmwb3rw9hm0563m.png","Тайга","F200","до 6%","115x115",1519,8.60,13,111.80,2350,"Санкт-Петербург",3,false,null,null,null,Выбор,null,11.64,1519,80,КЛАССИКО
"Выбор Классико Б.3.КО.6 В Колормикс гладкий Тайга","https://www.vibor-spb.ru/upload/iblock/98a/vnuyb640ybtwjy9qsrmwb3rw9hm0563m.png","Тайга","F200","до 6%","115x115",1415,10.76,14,150.64,2350,"Санкт-Петербург",3,false,null,null,null,Выбор,null,11.64,1415,60,КЛАССИКО
"Выбор Классико Б.3.КО.8 В Колормикс гладкий Туман","https://www.vibor-spb.ru/upload/iblock/2ce/jvlqfkl5z91cuinaj7zp1ncy70mtsk9a.png","Туман","F200","до 6%","115x115",1519,8.60,13,111.80,2350,"Санкт-Петербург",3,false,null,null,null,Выбор,null,11.64,1519,80,КЛАССИКО
"Выбор Классико Б.3.КО.6 В Колормикс гладкий Туман","https://www.vibor-spb.ru/upload/iblock/2ce/jvlqfkl5z91cuinaj7zp1ncy70mtsk9a.png","Туман","F200","до 6%","115x115",1415,10.76,14,150.64,2350,"Санкт-Петербург",3,false,null,null,null,Выбор,null,11.64,1415,60,КЛАССИКО
"Выбор Классико Б.3.КО.8 В Колормикс гранит Вулкан","https://www.vibor-spb.ru/upload/iblock/a43/d7cxytlsi6y34hjev8oy03nfuwf6xnj8.png","Вулкан","F200","до 6%","115x115",1519,8.60,13,111.80,2750,"Санкт-Петербург",3,false,null,null,null,Выбор,null,11.64,1519,80,КЛАССИКО
"Выбор Классико Б.3.КО.6 В Колормикс гранит Вулкан","https://www.vibor-spb.ru/upload/iblock/a43/d7cxytlsi6y34hjev8oy03nfuwf6xnj8.png","Вулкан","F200","до 6%","115x115",1415,10.76,14,150.64,2750,"Санкт-Петербург",3,false,null,null,null,Выбор,null,11.64,1415,60,КЛАССИКО
"Выбор Классико Б.3.КО.8 В Колормикс гранит Закат","https://www.tophouse.ru/images/price/kirpich-trotuarnyiy-bruschatka-moschenie/vyibor-sankt-peterburg-bruschatka-bordyuryi-i-gazonnyie-reshetki/phpgpqvnp.jpg","Закат","F200","до 6%","115x115",1519,8.60,13,111.80,2750,"Санкт-Петербург",3,false,null,null,null,Выбор,null,11.64,1519,80,КЛАССИКО
"Выбор Классико Б.3.КО.6 В Колормикс гранит Закат","https://www.tophouse.ru/images/price/kirpich-trotuarnyiy-bruschatka-moschenie/vyibor-sankt-peterburg-bruschatka-bordyuryi-i-gazonnyie-reshetki/phpgpqvnp.jpg","Закат","F200","до 6%","115x115",1415,10.76,14,150.64,2750,"Санкт-Петербург",3,false,null,null,null,Выбор,null,11.64,1415,60,КЛАССИКО
"Выбор Классико Б.3.КО.8 В Колормикс гранит Тайга","https://www.vibor-spb.ru/upload/iblock/62e/gtttbmoqxgpv2u5cebwfb8qpxoctdqiw.png","Тайга","F200","до 6%","115x115",1519,8.60,13,111.80,2750,"Санкт-Петербург",3,false,null,null,null,Выбор,null,11.64,1519,80,КЛАССИКО
"Выбор Классико Б.3.КО.6 В Колормикс гранит Тайга","https://www.vibor-spb.ru/upload/iblock/62e/gtttbmoqxgpv2u5cebwfb8qpxoctdqiw.png","Тайга","F200","до 6%","115x115",1415,10.76,14,150.64,2750,"Санкт-Петербург",3,false,null,null,null,Выбор,null,11.64,1415,60,КЛАССИКО
"Выбор Классико Б.3.КО.8 В Колормикс гранит Туман","https://www.vibor-spb.ru/upload/iblock/f51/pk0q2vofwljili1cx3u6uz8haxcdle3w.png","Туман","F200","до 6%","115x115",1519,8.60,13,111.80,2750,"Санкт-Петербург",3,false,null,null,null,Выбор,null,11.64,1519,80,КЛАССИКО
"Выбор Классико Б.3.КО.6 В Колормикс гранит Туман","https://www.vibor-spb.ru/upload/iblock/f51/pk0q2vofwljili1cx3u6uz8haxcdle3w.png","Туман","F200","до 6%","115x115",1415,10.76,14,150.64,2750,"Санкт-Петербург",3,false,null,null,null,Выбор,null,11.64,1415,60,КЛАССИКО

"Выбор Прямоугольник" Б.2.П.8 В Стандарт серый,https://www.vibor-spb.ru/upload/iblock/8eb/b6hpmxin71fkg2u4n3zr2pm2qb5t1v9n.jpg,Серый,F200,до 6%,100x200,1821,10,11,110,1500,Санкт-Петербург,3,false,null,null,null,Выбор,null,11.64,1821,80,ПРЯМОУГОЛЬНИК
"Выбор Прямоугольник" Б.2.П.6 В Стандарт серый,https://www.vibor-spb.ru/upload/iblock/8eb/b6hpmxin71fkg2u4n3zr2pm2qb5t1v9n.jpg,Серый,F200,до 6%,100x200,1634,12,12,144,1300,Санкт-Петербург,3,false,null,null,null,Выбор,null,11.64,1634,60,ПРЯМОУГОЛЬНИК
"Выбор Прямоугольник" Б.2.П.8 В Стандарт белый,https://www.vibor-spb.ru/upload/iblock/2b3/l8xg5ocr5mg18u2mi7txxo00y4uc5whj.jpg,Белый,F200,до 6%,100x200,1821,10,11,110,1900,Санкт-Петербург,3,false,null,null,null,Выбор,null,11.64,1821,80,ПРЯМОУГОЛЬНИК
"Выбор Прямоугольник" Б.2.П.6 В Стандарт белый,https://www.vibor-spb.ru/upload/iblock/2b3/l8xg5ocr5mg18u2mi7txxo00y4uc5whj.jpg,Белый,F200,до 6%,100x200,1634,12,12,144,1700,Санкт-Петербург,3,false,null,null,null,Выбор,null,11.64,1634,60,ПРЯМОУГОЛЬНИК
"Выбор Прямоугольник" Б.2.П.8 В Стандарт черный,https://www.vibor-spb.ru/upload/iblock/dbb/s2w8dch1i43p55hwsjo4w2kubi65w9hp.jpg,Черный,F200,до 6%,100x200,1821,10,11,110,1850,Санкт-Петербург,3,false,null,null,null,Выбор,null,11.64,1821,80,ПРЯМОУГОЛЬНИК
"Выбор Прямоугольник" Б.2.П.6 В Стандарт черный,https://www.vibor-spb.ru/upload/iblock/dbb/s2w8dch1i43p55hwsjo4w2kubi65w9hp.jpg,Черный,F200,до 6%,100x200,1634,12,12,144,1650,Санкт-Петербург,3,false,null,null,null,Выбор,null,11.64,1634,60,ПРЯМОУГОЛЬНИК
"Выбор Прямоугольник" Б.2.П.8 В Стандарт красный,https://www.vibor-spb.ru/upload/iblock/abd/fxv50skvpvibos9v4x1yl6ylf4cirb4g.jpg,Красный,F200,до 6%,100x200,1821,10,11,110,1850,Санкт-Петербург,3,false,null,null,null,Выбор,null,11.64,1821,80,ПРЯМОУГОЛЬНИК
"Выбор Прямоугольник" Б.2.П.6 В Стандарт красный,https://www.vibor-spb.ru/upload/iblock/abd/fxv50skvpvibos9v4x1yl6ylf4cirb4g.jpg,Красный,F200,до 6%,100x200,1634,12,12,144,1650,Санкт-Петербург,3,false,null,null,null,Выбор,null,11.64,1634,60,ПРЯМОУГОЛЬНИК
"Выбор Прямоугольник" Б.2.П.8 В Стандарт коричневый,https://www.vibor-spb.ru/upload/iblock/718/bkjcsw42ppp798p7r6zdwts8fwn8863m.jpg,Коричневый,F200,до 6%,100x200,1821,10,11,110,1850,Санкт-Петербург,3,false,null,null,null,Выбор,null,11.64,1821,80,ПРЯМОУГОЛЬНИК
"Выбор Прямоугольник" Б.2.П.6 В Стандарт коричневый,https://www.vibor-spb.ru/upload/iblock/718/bkjcsw42ppp798p7r6zdwts8fwn8863m.jpg,Коричневый,F200,до 6%,100x200,1634,12,12,144,1650,Санкт-Петербург,3,false,null,null,null,Выбор,null,11.64,1634,60,ПРЯМОУГОЛЬНИК
"Выбор Прямоугольник" Б.2.П.8 В Гранит серый,https://www.vibor-spb.ru/upload/iblock/b4f/selcewvz3ctf6k3kr7umdcbzdk320gcm.jpg,Серый,F200,до 6%,100x200,1821,10,11,110,3000,Санкт-Петербург,3,false,null,null,null,Выбор,null,11.64,1821,80,ПРЯМОУГОЛЬНИК
"Выбор Прямоугольник" Б.2.П.6 В Гранит серый,https://www.vibor-spb.ru/upload/iblock/b4f/selcewvz3ctf6k3kr7umdcbzdk320gcm.jpg,Серый,F200,до 6%,100x200,1634,12,12,144,2500,Санкт-Петербург,3,false,null,null,null,Выбор,null,11.64,1634,60,ПРЯМОУГОЛЬНИК
"Выбор Прямоугольник" Б.2.П.8 В Гранит белый,https://www.vibor-spb.ru/upload/iblock/9ce/8io5dxy1r4kb1wxw3grvvy301bchi1xk.jpg,Белый,F200,до 6%,100x200,1821,10,11,110,3300,Санкт-Петербург,3,false,null,null,null,Выбор,null,11.64,1821,80,ПРЯМОУГОЛЬНИК
"Выбор Прямоугольник" Б.2.П.6 В Гранит белый,https://www.vibor-spb.ru/upload/iblock/9ce/8io5dxy1r4kb1wxw3grvvy301bchi1xk.jpg,Белый,F200,до 6%,100x200,1634,12,12,144,2750,Санкт-Петербург,3,false,null,null,null,Выбор,null,11.64,1634,60,ПРЯМОУГОЛЬНИК
"Выбор Прямоугольник" Б.2.П.8 В Гранит красный,https://выбор.рф/upload/iblock/0f3/1uvqtlmayc6v3sld7x9mxffov7wjyg8k.jpg,Красный,F200,до 6%,100x200,1821,10,11,110,3250,Санкт-Петербург,3,false,null,null,null,Выбор,null,11.64,1821,80,ПРЯМОУГОЛЬНИК
"Выбор Прямоугольник" Б.2.П.6 В Гранит красный,https://выбор.рф/upload/iblock/0f3/1uvqtlmayc6v3sld7x9mxffov7wjyg8k.jpg,Красный,F200,до 6%,100x200,1634,12,12,144,2700,Санкт-Петербург,3,false,null,null,null,Выбор,null,11.64,1634,60,ПРЯМОУГОЛЬНИК
"Выбор Прямоугольник" Б.2.П.8 В Гранит черный,https://www.vibor-spb.ru/upload/iblock/5a1/o8hf1of0x91llelyhxshbxvx3x63i878.jpg,Черный,F200,до 6%,100x200,1821,10,11,110,3250,Санкт-Петербург,3,false,null,null,null,Выбор,null,11.64,1821,80,ПРЯМОУГОЛЬНИК
"Выбор Прямоугольник" Б.2.П.6 В Гранит черный,https://www.vibor-spb.ru/upload/iblock/5a1/o8hf1of0x91llelyhxshbxvx3x63i878.jpg,Черный,F200,до 6%,100x200,1634,12,12,144,2700,Санкт-Петербург,3,false,null,null,null,Выбор,null,11.64,1634,60,ПРЯМОУГОЛЬНИК
"Выбор Прямоугольник" Б.2.П.8 В Гранит коричневый,https://выбор.рф/upload/iblock/723/vzeu3dq5latmqdsjl8zzgv4fagsb63sq.jpg,Коричневый,F200,до 6%,100x200,1821,10,11,110,3250,Санкт-Петербург,3,false,null,null,null,Выбор,null,11.64,1821,80,ПРЯМОУГОЛЬНИК
"Выбор Прямоугольник" Б.2.П.6 В Гранит коричневый,https://выбор.рф/upload/iblock/723/vzeu3dq5latmqdsjl8zzgv4fagsb63sq.jpg,Коричневый,F200,до 6%,100x200,1634,12,12,144,2700,Санкт-Петербург,3,false,null,null,null,Выбор,null,11.64,1634,60,ПРЯМОУГОЛЬНИК
"Выбор Прямоугольник" Б.2.П.8 В Колормикс гладкий Закат,https://www.vibor-spb.ru/upload/iblock/a08/jit0dnv05l0ri5f7i652b5uvqryjgx5h.jpg,Закат,F200,до 6%,100x200,1821,10,11,110,2950,Санкт-Петербург,3,false,null,null,null,Выбор,null,11.64,1821,80,ПРЯМОУГОЛЬНИК
"Выбор Прямоугольник" Б.2.П.6 В Колормикс гладкий Закат,https://www.vibor-spb.ru/upload/iblock/a08/jit0dnv05l0ri5f7i652b5uvqryjgx5h.jpg,Закат,F200,до 6%,100x200,1634,12,12,144,2350,Санкт-Петербург,3,false,null,null,null,Выбор,null,11.64,1634,60,ПРЯМОУГОЛЬНИК
"Выбор Прямоугольник" Б.2.П.8 В Колормикс гладкий Туман,https://www.vibor-spb.ru/upload/iblock/da1/46cbxas8in3drtezky23aqh9gpxto5ex.jpg,Туман,F200,до 6%,100x200,1821,10,11,110,2950,Санкт-Петербург,3,false,null,null,null,Выбор,null,11.64,1821,80,ПРЯМОУГОЛЬНИК
"Выбор Прямоугольник" Б.2.П.6 В Колормикс гладкий Туман,https://www.vibor-spb.ru/upload/iblock/da1/46cbxas8in3drtezky23aqh9gpxto5ex.jpg,Туман,F200,до 6%,100x200,1634,12,12,144,2350,Санкт-Петербург,3,false,null,null,null,Выбор,null,11.64,1634,60,ПРЯМОУГОЛЬНИК
"Выбор Прямоугольник" Б.2.П.8 В Колормикс гладкий Вулкан,https://www.vibor-spb.ru/upload/iblock/06f/ofrwfrm6qefo3gf4q984uxa3cnxaikdd.jpg,Вулкан,F200,до 6%,100x200,1821,10,11,110,2950,Санкт-Петербург,3,false,null,null,null,Выбор,null,11.64,1821,80,ПРЯМОУГОЛЬНИК
"Выбор Прямоугольник" Б.2.П.6 В Колормикс гладкий Вулкан,https://www.vibor-spb.ru/upload/iblock/06f/ofrwfrm6qefo3gf4q984uxa3cnxaikdd.jpg,Вулкан,F200,до 6%,100x200,1634,12,12,144,2350,Санкт-Петербург,3,false,null,null,null,Выбор,null,11.64,1634,60,ПРЯМОУГОЛЬНИК
"Выбор Прямоугольник" Б.2.П.8 В Колормикс гладкий Тайга,https://www.vibor-spb.ru/upload/iblock/184/eozt60fds13wcjw0m8ryrrm9avd11o1e.jpg,Тайга,F200,до 6%,100x200,1821,10,11,110,2950,Санкт-Петербург,3,false,null,null,null,Выбор,null,11.64,1821,80,ПРЯМОУГОЛЬНИК
"Выбор Прямоугольник" Б.2.П.6 В Колормикс гладкий Тайга,https://www.vibor-spb.ru/upload/iblock/184/eozt60fds13wcjw0m8ryrrm9avd11o1e.jpg,Тайга,F200,до 6%,100x200,1634,12,12,144,2350,Санкт-Петербург,3,false,null,null,null,Выбор,null,11.64,1634,60,ПРЯМОУГОЛЬНИК
"Выбор Прямоугольник" Б.2.П.8 В Колормикс гранит Туман,https://www.vibor-spb.ru/upload/iblock/345/w34fa0xpu8n6l2y2vwl8iqfpjfae96u6.jpg,Туман,F200,до 6%,100x200,1821,10,11,110,3450,Санкт-Петербург,3,false,null,null,null,Выбор,null,11.64,1821,80,ПРЯМОУГОЛЬНИК
"Выбор Прямоугольник" Б.2.П.6 В Колормикс гранит Туман,https://www.vibor-spb.ru/upload/iblock/345/w34fa0xpu8n6l2y2vwl8iqfpjfae96u6.jpg,Туман,F200,до 6%,100x200,1634,12,12,144,2750,Санкт-Петербург,3,false,null,null,null,Выбор,null,11.64,1634,60,ПРЯМОУГОЛЬНИК
"Выбор Прямоугольник" Б.2.П.8 В Колормикс гранит Тайга,https://www.vibor-spb.ru/upload/iblock/38e/fhont4bpi0djfgjwur4lnkkqd9yktvxe.jpg,Тайга,F200,до 6%,100x200,1821,10,11,110,3450,Санкт-Петербург,3,false,null,null,null,Выбор,null,11.64,1821,80,ПРЯМОУГОЛЬНИК
"Выбор Прямоугольник" Б.2.П.6 В Колормикс гранит Тайга,https://www.vibor-spb.ru/upload/iblock/38e/fhont4bpi0djfgjwur4lnkkqd9yktvxe.jpg,Тайга,F200,до 6%,100x200,1634,12,12,144,2750,Санкт-Петербург,3,false,null,null,null,Выбор,null,11.64,1634,60,ПРЯМОУГОЛЬНИК
"Выбор Прямоугольник" Б.2.П.8 В Листопад гладкий Старый замок,https://www.vibor-spb.ru/upload/iblock/ab7/pb563vas1i85o8ffl7kn49dxz8yzwx5f.jpg,Старый замок,F200,до 6%,100x200,1821,10,11,110,0,Санкт-Петербург,3,false,null,null,null,Выбор,null,11.64,1821,80,ПРЯМОУГОЛЬНИК
"Выбор Прямоугольник" Б.2.П.6 В Листопад гладкий Старый замок,https://www.vibor-spb.ru/upload/iblock/ab7/pb563vas1i85o8ffl7kn49dxz8yzwx5f.jpg,Старый замок,F200,до 6%,100x200,1634,12,12,144,0,Санкт-Петербург,3,false,null,null,null,Выбор,null,11.64,1634,60,ПРЯМОУГОЛЬНИК
"Выбор Прямоугольник" Б.2.П.8 В Листопад гладкий песчаник,https://www.vibor-spb.ru/upload/iblock/b14/h0z9dny5opk6s0do522f9kzq3qqtkio5.jpg,Песчаник,F200,до 6%,100x200,1821,10,11,110,0,Санкт-Петербург,3,false,null,null,null,Выбор,null,11.64,1821,80,ПРЯМОУГОЛЬНИК
"Выбор Прямоугольник" Б.2.П.6 В Листопад гладкий песчаник,https://www.vibor-spb.ru/upload/iblock/b14/h0z9dny5opk6s0do522f9kzq3qqtkio5.jpg,Песчаник,F200,до 6%,100x200,1634,12,12,144,0,Санкт-Петербург,3,false,null,null,null,Выбор,null,11.64,1634,60,ПРЯМОУГОЛЬНИК
"Выбор Прямоугольник" Б.2.П.8 В Листопад гладкий янтарь,https://www.vibor-spb.ru/upload/iblock/061/o5jsnqdnu4qntm48to7iznmr3v0qxm17.jpg,Янтарь,F200,до 6%,100x200,1821,10,11,110,0,Санкт-Петербург,3,false,null,null,null,Выбор,null,11.64,1821,80,ПРЯМОУГОЛЬНИК
"Выбор Прямоугольник" Б.2.П.6 В Листопад гладкий янтарь,https://www.vibor-spb.ru/upload/iblock/061/o5jsnqdnu4qntm48to7iznmr3v0qxm17.jpg,Янтарь,F200,до 6%,100x200,1634,12,12,144,0,Санкт-Петербург,3,false,null,null,null,Выбор,null,11.64,1634,60,ПРЯМОУГОЛЬНИК
"Выбор Прямоугольник" Б.2.П.8 В Листопад гладкий антрацит,https://www.vibor-spb.ru/upload/iblock/38e/cr0xerksl2fspe8zzll1gjvhox6hpjop.jpg,Антрацит,F200,до 6%,100x200,1821,10,11,110,0,Санкт-Петербург,3,false,null,null,null,Выбор,null,11.64,1821,80,ПРЯМОУГОЛЬНИК
"Выбор Прямоугольник" Б.2.П.6 В Листопад гладкий антрацит,https://www.vibor-spb.ru/upload/iblock/38e/cr0xerksl2fspe8zzll1gjvhox6hpjop.jpg,Антрацит,F200,до 6%,100x200,1634,12,12,144,0,Санкт-Петербург,3,false,null,null,null,Выбор,null,11.64,1634,60,ПРЯМОУГОЛЬНИК
"Выбор Прямоугольник" Б.2.П.8 В Листопад гладкий осень,https://www.vibor-spb.ru/upload/iblock/8fe/u2sxr61o0rcmyir56m02faz9czb8qitw.jpg,Осень,F200,до 6%,100x200,1821,10,11,110,0,Санкт-Петербург,3,false,null,null,null,Выбор,null,11.64,1821,80,ПРЯМОУГОЛЬНИК
"Выбор Прямоугольник" Б.2.П.6 В Листопад гладкий осень,https://www.vibor-spb.ru/upload/iblock/8fe/u2sxr61o0rcmyir56m02faz9czb8qitw.jpg,Осень,F200,до 6%,100x200,1634,12,12,144,0,Санкт-Петербург,3,false,null,null,null,Выбор,null,11.64,1634,60,ПРЯМОУГОЛЬНИК
"Выбор Прямоугольник" Б.2.П.8 В Листопад гранит антрацит,https://www.vibor-spb.ru/upload/iblock/5ad/5adb7e45518b24f08f64244901e9f465.jpg,Антрацит,F200,до 6%,100x200,1821,10,11,110,0,Санкт-Петербург,3,false,null,null,null,Выбор,null,11.64,1821,80,ПРЯМОУГОЛЬНИК
"Выбор Прямоугольник" Б.2.П.6 В Листопад гранит антрацит,https://www.vibor-spb.ru/upload/iblock/5ad/5adb7e45518b24f08f64244901e9f465.jpg,Антрацит,F200,до 6%,100x200,1634,12,12,144,0,Санкт-Петербург,3,false,null,null,null,Выбор,null,11.64,1634,60,ПРЯМОУГОЛЬНИК
"Выбор Прямоугольник" Б.2.П.8 В Листопад гранит осень,https://www.vibor-spb.ru/upload/iblock/1b7/1b70af59e1bbf84c5c8e059cef28d93c.jpg,Осень,F200,до 6%,100x200,1821,10,11,110,0,Санкт-Петербург,3,false,null,null,null,Выбор,null,11.64,1821,80,ПРЯМОУГОЛЬНИК
"Выбор Прямоугольник" Б.2.П.6 В Листопад гранит осень,https://www.vibor-spb.ru/upload/iblock/1b7/1b70af59e1bbf84c5c8e059cef28d93c.jpg,Осень,F200,до 6%,100x200,1634,12,12,144,0,Санкт-Петербург,3,false,null,null,null,Выбор,null,11.64,1634,60,ПРЯМОУГОЛЬНИК
"Выбор Прямоугольник" Б.2.П.8 В Листопад гранит янтарь,https://www.vibor-spb.ru/upload/iblock/75f/75f924ff2f0f33d098ca7f7117ca38f7.jpg,Янтарь,F200,до 6%,100x200,1821,10,11,110,0,Санкт-Петербург,3,false,null,null,null,Выбор,null,11.64,1821,80,ПРЯМОУГОЛЬНИК
"Выбор Прямоугольник" Б.2.П.6 В Листопад гранит янтарь,https://www.vibor-spb.ru/upload/iblock/75f/75f924ff2f0f33d098ca7f7117ca38f7.jpg,Янтарь,F200,до 6%,100x200,1634,12,12,144,0,Санкт-Петербург,3,false,null,null,null,Выбор,null,11.64,1634,60,ПРЯМОУГОЛЬНИК
"Выбор Прямоугольник" Б.2.П.8 В Листопад гранит Старый замок,https://www.vibor-spb.ru/upload/iblock/7ce/rbpee1tptts37egyyy16ofds2xk290tp.jpg,Старый замок,F200,до 6%,100x200,1821,10,11,110,0,Санкт-Петербург,3,false,null,null,null,Выбор,null,11.64,1821,80,ПРЯМОУГОЛЬНИК
"Выбор Прямоугольник" Б.2.П.6 В Листопад гранит Старый замок,https://www.vibor-spb.ru/upload/iblock/7ce/rbpee1tptts37egyyy16ofds2xk290tp.jpg,Старый замок,F200,до 6%,100x200,1634,12,12,144,0,Санкт-Петербург,3,false,null,null,null,Выбор,null,11.64,1634,60,ПРЯМОУГОЛЬНИК
"Выбор Прямоугольник" Б.2.П.8 В Искусственный камень шунгит,https://www.vibor-spb.ru/upload/iblock/b4e/mz78dvfqcsi9mezdk2qsleab7fnxvrm8.jpg,Шунгит,F200,до 6%,100x200,1821,10,11,110,0,Санкт-Петербург,3,false,null,null,null,Выбор,null,11.64,1821,80,ПРЯМОУГОЛЬНИК
"Выбор Прямоугольник" Б.2.П.6 В Искусственный камень шунгит,https://www.vibor-spb.ru/upload/iblock/b4e/mz78dvfqcsi9mezdk2qsleab7fnxvrm8.jpg,Шунгит,F200,до 6%,100x200,1634,12,12,144,0,Санкт-Петербург,3,false,null,null,null,Выбор,null,11.64,1634,60,ПРЯМОУГОЛЬНИК
"Выбор Прямоугольник" Б.2.П.8 В Искусственный камень доломит,https://выбор.рф/upload/resize_cache/iblock/730/650_380_1/8h3qznff2ax4layy0r2df23c5x2xiwtl.jpg,Доломит,F200,до 6%,100x200,1821,10,11,110,0,Санкт-Петербург,3,false,null,null,null,Выбор,null,11.64,1821,80,ПРЯМОУГОЛЬНИК
"Выбор Прямоугольник" Б.2.П.6 В Искусственный камень доломит,https://выбор.рф/upload/resize_cache/iblock/730/650_380_1/8h3qznff2ax4layy0r2df23c5x2xiwtl.jpg,Доломит,F200,до 6%,100x200,1634,12,12,144,0,Санкт-Петербург,3,false,null,null,null,Выбор,null,11.64,1634,60,ПРЯМОУГОЛЬНИК
"Выбор Прямоугольник" Б.2.П.8 В Искусственный камень базальт,https://выбор.рф/upload/resize_cache/iblock/d79/650_380_1/6i0nbncy0maf60xy9hs5wgaehh57hkyu.jpg,Базальт,F200,до 6%,100x200,1821,10,11,110,0,Санкт-Петербург,3,false,null,null,null,Выбор,null,11.64,1821,80,ПРЯМОУГОЛЬНИК
"Выбор Прямоугольник" Б.2.П.6 В Искусственный камень базальт,https://выбор.рф/upload/resize_cache/iblock/d79/650_380_1/6i0nbncy0maf60xy9hs5wgaehh57hkyu.jpg,Базальт,F200,до 6%,100x200,1634,12,12,144,0,Санкт-Петербург,3,false,null,null,null,Выбор,null,11.64,1634,60,ПРЯМОУГОЛЬНИК
"Выбор Прямоугольник" Б.2.П.8 В Искусственный камень степняк,https://выбор.рф/upload/resize_cache/iblock/775/650_380_1/owz178pi3thjbvlfxxlcpf9sns69f176.jpg,Степняк,F200,до 6%,100x200,1821,10,11,110,0,Санкт-Петербург,3,false,null,null,null,Выбор,null,11.64,1821,80,ПРЯМОУГОЛЬНИК
"Выбор Прямоугольник" Б.2.П.6 В Искусственный камень степняк,https://выбор.рф/upload/resize_cache/iblock/775/650_380_1/owz178pi3thjbvlfxxlcpf9sns69f176.jpg,Степняк,F200,до 6%,100x200,1634,12,12,144,0,Санкт-Петербург,3,false,null,null,null,Выбор,null,11.64,1634,60,ПРЯМОУГОЛЬНИК
"Выбор Прямоугольник" Б.2.П.8 В Стоунмикс белый с черным,https://www.vibor-spb.ru/upload/iblock/c1c/mhki0u7f2mlh137vt4f50l2e5gc8e2et.jpg,Белый с черным,F200,до 6%,100x200,1821,10,11,110,0,Санкт-Петербург,3,false,null,null,null,Выбор,null,11.64,1821,80,ПРЯМОУГОЛЬНИК
"Выбор Прямоугольник" Б.2.П.6 В Стоунмикс белый с черным,https://www.vibor-spb.ru/upload/iblock/c1c/mhki0u7f2mlh137vt4f50l2e5gc8e2et.jpg,Белый с черным,F200,до 6%,100x200,1634,12,12,144,0,Санкт-Петербург,3,false,null,null,null,Выбор,null,11.64,1634,60,ПРЯМОУГОЛЬНИК
"Выбор Прямоугольник" Б.2.П.8 В Стоунмикс белый,https://выбор.рф/upload/resize_cache/iblock/97b/650_380_1/xbnx78j689d8e4wex82cs79m4xawgrex.jpg,Белый,F200,до 6%,100x200,1821,10,11,110,0,Санкт-Петербург,3,false,null,null,null,Выбор,null,11.64,1821,80,ПРЯМОУГОЛЬНИК
"Выбор Прямоугольник" Б.2.П.6 В Стоунмикс белый,https://выбор.рф/upload/resize_cache/iblock/97b/650_380_1/xbnx78j689d8e4wex82cs79m4xawgrex.jpg,Белый,F200,до 6%,100x200,1634,12,12,144,0,Санкт-Петербург,3,false,null,null,null,Выбор,null,11.64,1634,60,ПРЯМОУГОЛЬНИК
"Выбор Прямоугольник" Б.2.П.8 В Стоунмикс черный,https://выбор.рф/upload/iblock/8ec/4wcz0m4xkfa7yn8nij0d99qqrty198ko.jpg,Черный,F200,до 6%,100x200,1821,10,11,110,0,Санкт-Петербург,3,false,null,null,null,Выбор,null,11.64,1821,80,ПРЯМОУГОЛЬНИК
"Выбор Прямоугольник" Б.2.П.6 В Стоунмикс черный,https://выбор.рф/upload/iblock/8ec/4wcz0m4xkfa7yn8nij0d99qqrty198ko.jpg,Черный,F200,до 6%,100x200,1634,12,12,144,0,Санкт-Петербург,3,false,null,null,null,Выбор,null,11.64,1634,60,ПРЯМОУГОЛЬНИК


